"Gene","GS","GS_p","MM","MM_p"
"CA2",-0.692595095574596,2.7284190780303e-57,-0.824953739393178,1.11711352679881e-98
"KRT23",0.582653693842582,5.1960205556573e-37,0.796918696839713,2.15160736665608e-87
"MT1M",-0.647527591012634,5.82271377780463e-48,-0.784117150711781,8.14988475795123e-83
"FOXQ1",0.72324868770329,1.099456953678e-64,0.846679517234438,6.55175004956659e-109
"DPEP1",0.641509686073448,7.81496069679887e-47,0.822127586395196,1.88234777885857e-97
"ANPEP",-0.700344823594891,4.52519902379557e-59,-0.811407384653149,5.45477411455686e-93
"LY6G6D",0.571938053512001,1.97346764520256e-35,0.810309302975624,1.50546291794239e-92
"MT1H",-0.613297798660821,7.23469942440351e-42,-0.774250809373335,1.70430484135028e-79
"SST",-0.667542038352137,6.66685903470832e-52,-0.740779727024747,2.21833335433867e-69
"TESC",0.692869198742356,2.36541669231251e-57,0.777194067950208,1.81505363078447e-80
"CRNDE",0.65790976702708,5.73229294799079e-50,0.729115811018982,3.24243413568781e-66
"MT1G",-0.583226383436465,4.26186893813192e-37,-0.726017157266465,2.10885586055534e-65
"ASCL2",0.68403802587175,2.17373759624877e-55,0.885816439712397,4.10739707774895e-132
"OTOP2",-0.73625580551587,3.92202635008739e-68,-0.808946806685483,5.2570875782232e-92
"IL1R2",-0.615228273927227,3.43177775520311e-42,-0.789281326233483,1.26663660163774e-84
"CRIPTO",0.579422046873515,1.57828500530046e-36,0.776854507924574,2.35430168067415e-80
"FABP6",0.581405294938449,7.99293562366041e-37,0.731577699625415,7.18993087223621e-67
"TGFBI",0.701044449817332,3.10520310868033e-59,0.811426545604882,5.35867914879457e-93
"CLDN1",0.723798119707923,7.93509798379047e-65,0.846878651837135,5.19186022194026e-109
"SLC4A4",-0.748766112418064,1.19911004531349e-71,-0.879793362315886,4.99971579388968e-128
"AZGP1",0.553569910917116,7.44586220392521e-33,0.72128169947382,3.51082224073777e-64
"EPHX4",0.656779218359536,9.5656237505342e-50,0.749981841853076,5.32370930707203e-72
"GPAT3",-0.710628714319746,1.59437200048479e-61,-0.828558189352252,2.82670341781567e-100
"SRPX2",0.590893954035397,2.88814290705017e-38,0.75525390287232,1.48960735777284e-73
"CDH3",0.745482772882419,1.0500181456866e-70,0.817498229413935,1.72824268538728e-95
"DACH1",0.583672444377363,3.65125750339434e-37,0.768921722934632,9.03011184538256e-78
"ETV4",0.741982223423605,1.02338423443795e-69,0.886087643591058,2.65599746483417e-132
"MT1F",-0.582933616101944,4.71652366124227e-37,-0.717268160131007,3.63841027650592e-63
"RUNDC3B",-0.71853475711379,1.74724124063368e-63,-0.779166198959445,3.9699789994394e-81
"APCDD1",0.507009723871784,5.42097318043024e-27,0.717002491489737,4.24138346817967e-63
"MT1E",-0.606266758747579,1.04816987024028e-40,-0.79335334364391,4.36909457186882e-86
"ALKAL2",-0.655880675363091,1.43475771241953e-49,-0.707572715153383,8.76384000188977e-61
"CCDC68",-0.695752582980896,5.21713525800327e-58,-0.861561279286855,6.94652649467678e-117
"CDKN2B",-0.722380906237321,1.83724892132953e-64,-0.823016853973821,7.78216507207122e-98
"NKD2",0.637162718543629,4.92044171177165e-46,0.841256215646784,3.26498353214113e-106
"DDX60",-0.613034813828275,8.00519767352642e-42,-0.773730056610118,2.52410281856649e-79
"CEMIP",0.733457992935402,2.25014170517585e-67,0.814990878339781,1.89495096239405e-94
"MMP28",-0.715230951043842,1.17390387902721e-62,-0.86097080109551,1.4984528355922e-116
"PMEPA1",0.636586770826168,6.26492035730557e-46,0.788298158211197,2.8239484913213e-84
"ARID3A",0.62043894088151,4.46653073335799e-43,0.817041387961962,2.68091005666977e-95
"SAMD9",-0.538333502917475,7.78540330925386e-31,-0.71701525731578,4.21026322415048e-63
"TNFRSF12A",0.716215788101267,6.67211984313816e-63,0.810099762529392,1.82589679729642e-92
"EPB41L3",-0.710415918142669,1.7965405146639e-61,-0.847000617338669,4.5016377048087e-109
"PTGDR",-0.635219008179086,1.10960359124559e-45,-0.728595707826576,4.44781519576845e-66
"ABHD3",-0.679512885624344,2.07234760549345e-54,-0.874487039502232,1.3194222897481e-124
"EVA1A",0.621997100694195,2.40944719676699e-43,0.742724583317479,6.33402832911716e-70
"SPINK2",-0.611346326651908,1.52960972972513e-41,-0.712874821985119,4.49206986597774e-62
"MSX2",0.627447602831124,2.70561225927255e-44,0.721367463933802,3.33821293634565e-64
"PROX1",0.559889052280325,1.00816313045645e-33,0.74677443797199,4.48970713654725e-71
"GALNT6",0.635642569654421,9.29874210425384e-46,0.729367076153258,2.78251829806261e-66
"TRGC2",-0.541636819243654,2.89863110115706e-31,-0.727751479596491,7.41812451359346e-66
"PPM1H",0.740371100405301,2.88254454955306e-69,0.873618516469683,4.62983102354397e-124
"IQGAP2",-0.636418278282375,6.72303022764993e-46,-0.815142485573924,1.64121415675193e-94
"GPR143",0.487364754579114,8.88890592967662e-25,0.716676644653419,5.11780643869832e-63
"TMT1A",-0.722127422763053,2.13375301255362e-64,-0.832370196442113,5.26492095127278e-102
"EMP1",-0.627451696610201,2.70112820719508e-44,-0.714468245181769,1.81527766499121e-62
"GTF2IRD1",0.717891818797113,2.53673850160323e-63,0.908615068996914,5.72978498753381e-150
"SECTM1",-0.640023638198027,1.47078337477227e-46,-0.779564421403051,2.91520616235825e-81
"GDPD5",0.574974144379064,7.13801914332493e-36,0.778396659804619,7.19736102595062e-81
"MACC1",0.651363887732201,1.07837521603799e-48,0.810714811351277,1.03559334059796e-92
"CPNE1",0.566315164709614,1.26231042327818e-34,0.80042894080787,1.04599407886594e-88
"TGIF2",0.70930789030618,3.33924054761887e-61,0.90576627043358,1.70881160148562e-147
"NKD1",0.543025768996044,1.90700649458714e-31,0.754344789894292,2.77783165450051e-73
"SMIM14",-0.718350881839902,1.94405131667218e-63,-0.854809504108297,3.71676733564832e-113
"TLR3",-0.656317143822093,1.17850097149781e-49,-0.801149692161464,5.5800029804963e-89
"FRMD3",-0.571770714124827,2.08659984279465e-35,-0.712424289194058,5.7972305571701e-62
"PLCL2",-0.681582390185672,7.4269900698466e-55,-0.887209984707814,4.32041718097295e-133
"MIR22HG",-0.695901840532522,4.82211459449732e-58,-0.85431441022403,6.85640745289681e-113
"ZNRF3",0.574263413534755,9.06521764420095e-36,0.767806268386116,2.04510693910561e-77
"SLC41A2",-0.638767622826549,2.50312315685386e-46,-0.820075324717053,1.41858458920688e-96
"ESM1",0.636840830747745,5.63202934271867e-46,0.706053089423606,2.02845614707453e-60
"ENC1",0.702798484897111,1.20213750347406e-59,0.75626644016489,7.41732687746587e-74
"UGDH",-0.689872326620603,1.11701751788137e-56,-0.821262970490049,4.42198029560912e-97
"CPM",-0.694947376402062,7.97151869689781e-58,-0.839457783808779,2.43269601546039e-105
"ACSL6",0.569596523217694,4.2926513815311e-35,0.766321350225005,6.02906583414017e-77
"ADH1A",-0.727881154002121,6.85845620292881e-66,-0.829141106223789,1.54715812306965e-100
"TNFSF10",-0.645965624877941,1.14893078788073e-47,-0.809256418663881,3.96024428430132e-92
"HPGDS",-0.641547865222483,7.68867098365089e-47,-0.720814822436427,4.61799825963481e-64
"SPPL2A",-0.734815373577732,9.66774636128274e-68,-0.870583588041213,3.46280692052982e-122
"SULT2B1",0.62350771000919,1.32007593708893e-43,0.773561197413721,2.86625473675578e-79
"LARGE2",0.552309830836537,1.10375164192411e-32,0.715020958004148,1.32378302878873e-62
"LZTS3",0.60119730720328,6.91430307551783e-40,0.724719903260808,4.58325361842918e-65
"SLC22A3",0.586143171434245,1.54373793127386e-37,0.746355516842348,5.91742652710214e-71
"PGM1",-0.644127083346863,2.54402738204243e-47,-0.73193034850833,5.78667043052604e-67
"EIF4E3",-0.68008739633717,1.55996646372409e-54,-0.859499015244623,1.00272215137704e-115
"FAS",-0.591716740160659,2.15435617352117e-38,-0.796737930971272,2.51008860961427e-87
"FAM107B",-0.596441577143545,3.93703728982206e-39,-0.767264903683646,3.03600300668596e-77
"CRIPTO3",0.52641984998366,2.51255211041158e-29,0.722490198613603,1.72238584331721e-64
"RNF43",0.598987388849815,1.55722766596244e-39,0.817256360152274,2.18083721758746e-95
"TENT5C",-0.549404043322501,2.71860879145322e-32,-0.746616134902378,4.98378765841761e-71
"UNC5CL",0.54298549433587,1.93035344476392e-31,0.711546963829021,9.5130414555107e-62
"CCND1",0.682392668696564,4.95816034477976e-55,0.770231986474475,3.43639757243661e-78
"TOMM34",0.640192505661915,1.36904671253475e-46,0.862813089443031,1.34528633655847e-117
"AHCY",0.632577225768325,3.31995862319857e-45,0.840607593558153,6.75616848416138e-106
"ANXA9",0.556202744987363,3.25357459823948e-33,0.766196496890232,6.60039274301759e-77
"LXN",-0.573638884376083,1.11784258004568e-35,-0.75048288752833,3.80437792389606e-72
"AXIN2",0.570938617369372,2.75178118287083e-35,0.760218774012054,4.71890556291227e-75
"CSE1L",0.699441997653826,7.34486316623133e-59,0.883199429964089,2.60800021831539e-130
"PLEKHG4",0.57999756317436,1.29613035417494e-36,0.70194340049279,1.91093462777723e-59
"HSPH1",0.628471637458618,1.78540366135421e-44,0.806367928404658,5.4548873944156e-91
"HPSE",-0.522578507639084,7.48171057588457e-29,-0.738212922515627,1.1402692106071e-68
"GPSM2",0.565811566323486,1.48797735616846e-34,0.763689216874063,4.01805950830031e-76
"GTF3A",0.667976127667259,5.43295955485399e-52,0.851732517981531,1.61109106041934e-111
"TMEM140",-0.60385320418795,2.58426671390045e-40,-0.756867086765485,4.89673192045335e-74
"HOXD1",-0.657157281443569,8.06219111823575e-50,-0.806136388454873,6.71830994972541e-91
"RNF125",-0.590693866520718,3.10113743230589e-38,-0.807855298640749,1.42122721067197e-91
"ZNF239",0.622155664501077,2.2623234764189e-43,0.704646131184143,4.39074035742594e-60
"RAB27A",-0.64056715634209,1.16756828023965e-46,-0.80713399799032,2.73255995025337e-91
"C2",0.62926685613849,1.29145642710638e-44,0.735590580088451,5.95359228182702e-68
"BDKRB1",-0.612024320641132,1.17996181695783e-41,-0.714156975464903,2.16782665390736e-62
"SLC5A6",0.611977958427989,1.20111364125112e-41,0.849768483070105,1.708822205738e-110
"MEX3A",0.616339192722645,2.22898757603718e-42,0.791243655879648,2.52381619958238e-85
"CIDEB",-0.634669335093255,1.39502774441241e-45,-0.727900991486546,6.77661755992634e-66
"CITED2",-0.683147353884343,3.3990378037304e-55,-0.816911086077237,3.03787631674741e-95
"MRGBP",0.657994932111661,5.51489211500023e-50,0.851531545545084,2.05467798092508e-111
"ZDHHC9",0.620701092799354,4.0269603260466e-43,0.834490821202614,5.49621025544622e-103
"NXT1",0.683693480536375,2.5846010396661e-55,0.816630346421672,3.9754645770635e-95
"SOX4",0.647267267160615,6.52288419610039e-48,0.793509105371098,3.83534224126687e-86
"ACADM",-0.613762779840168,6.04795999843212e-42,-0.736239525643465,3.9623533858131e-68
"TMEM220",-0.685355958198203,1.1185259299806e-55,-0.804479717770794,2.95840316692101e-90
"SCML1",0.540721024886245,3.81616020391434e-31,0.741144163886044,1.75548583467214e-69
"SIPA1L2",-0.575138262622242,6.75418025793131e-36,-0.720540807247059,5.42262234436352e-64
"UGP2",-0.771512922469256,1.32800485340298e-78,-0.849198199071527,3.37086181598071e-110
"GLTP",-0.748866956180481,1.12120403891062e-71,-0.853895230372077,1.14942981570783e-112
"RDH5",-0.736920773056202,2.58084352585381e-68,-0.815182031820885,1.58077633983131e-94
"TP53RK",0.606262855350063,1.04970726111798e-40,0.858629710036444,3.05055688807188e-115
"DGAT2",0.604274425575918,2.20892782899017e-40,0.741828872071229,1.12977146258813e-69
"DNTTIP1",0.602029852181732,5.08391638286174e-40,0.806375360449436,5.41850765515648e-91
"GRAMD1A",0.670520916384726,1.62527069932925e-52,0.780949510383595,9.90805807618401e-82
"SNTB1",0.638229489868704,3.14120283442344e-46,0.814798409337841,2.27391937491065e-94
"TOP1MT",0.660513108159881,1.74809495195719e-50,0.839608711743989,2.05733689174612e-105
"SLCO4A1",0.697822156681752,1.74346730314723e-58,0.829846248165804,7.4400781794327e-101
"IL6R",-0.748709795889199,1.2449316720764e-71,-0.839435085892183,2.49474983123015e-105
"FXYD5",0.674181530413017,2.80408273210556e-53,0.753431602982158,5.18039499419365e-73
"PROSER1",0.554965626731348,4.80514565355277e-33,0.787244028669849,6.63953045509265e-84
"ZFAS1",0.673627126961244,3.66500532458823e-53,0.810005007605447,1.9922298138329e-92
"NELFCD",0.633101003528025,2.67381676355045e-45,0.875173605657428,4.85891338782801e-125
"TTI1",0.649624555939298,2.3233970840578e-48,0.883037482179251,3.36081170181806e-130
"PRDX6",-0.701357459942916,2.62279807715998e-59,-0.776596943940276,2.86695980694328e-80
"TENT5A",-0.548588747461149,3.49542079292932e-32,-0.748060990117949,1.91630499319935e-71
"KRT80",0.573424515149457,1.20108098041743e-35,0.704426244936804,4.95190349654339e-60
"P2RY1",-0.660165223312788,2.05014629768127e-50,-0.772594368498919,5.92237694863891e-79
"TCFL5",0.545202038904634,9.85662267610884e-32,0.74356943611759,3.66166205831458e-70
"EEF1AKMT1",0.587579448499016,9.32740692463513e-38,0.763360336004686,5.08380061098554e-76
"LRRC8E",0.629518897130388,1.1652361462025e-44,0.727502344445702,8.62364971461438e-66
"ASAP3",-0.668243310729535,4.78908941492022e-52,-0.812886376564049,1.37515452014755e-93
"MT2A",-0.546271044838524,7.11487519974332e-32,-0.735361157638251,6.87333651058029e-68
"TRPM2",0.623714074095419,1.21559563336824e-43,0.704536453196267,4.66227637827815e-60
"NEBL",0.662842829389267,5.9788664971864e-51,0.821627787209229,3.08572254230065e-97
"CXXC5",0.600699918184278,8.30517345737067e-40,0.75509148538518,1.66536342419273e-73
"CPNE8",-0.666062518010526,1.33581392983624e-51,-0.735846177699521,5.07219318621793e-68
"RAE1",0.658901799035067,3.65087785951742e-50,0.889194319387677,1.66103167717127e-134
"NUFIP1",0.671976059425818,8.1073959104762e-53,0.888254508829475,7.83341783592182e-134
"PPP2R3A",-0.706856268416231,1.30262855382212e-60,-0.765651423183483,9.79357258398964e-77
"DSN1",0.594326897027658,8.45371931755457e-39,0.794698333320489,1.41302651687902e-86
"PRPF6",0.540762903003039,3.76853915802394e-31,0.78291044918375,2.12113483193403e-82
"PDRG1",0.600613202267295,8.57456570488022e-40,0.841336312347108,2.98388919195702e-106
"KCTD9",-0.623290203572467,1.43983665878979e-43,-0.79562484293153,6.4610688589197e-87
"DDX27",0.612090791745002,1.15027802279674e-41,0.8551347423299,2.48273571692124e-113
"ATP11A",0.701562407990218,2.34802233062634e-59,0.875849756972003,1.8061798842089e-125
"SOCS6",-0.598464080485855,1.88559358783697e-39,-0.792146667719795,1.19432889087129e-85
"SLC3A2",0.607666982733896,6.18766485968698e-41,0.741578565606496,1.32749502171065e-69
"FAM8A1",-0.629639177454277,1.10938884162015e-44,-0.737761757073523,1.51744014005236e-68
"ACTL10",0.582055397872654,6.38863890566262e-37,0.759660692305693,6.98522754662925e-75
"CCNYL1",-0.620624897500521,4.15010507618781e-43,-0.734097261389292,1.51253039364558e-67
"LDLRAD3",0.606299163281803,1.03549284552738e-40,0.775277484870824,7.83325300945623e-80
"PLAGL2",0.539151784193241,6.10141814162261e-31,0.771502384314313,1.33846673165992e-78
"EFNA5",-0.586147565427719,1.54136617513403e-37,-0.741423972044819,1.46639738487515e-69
"WDR35",0.541156823598126,3.34840057620878e-31,0.737849471884937,1.4355011322324e-68
"FLVCR2",-0.639281745998287,2.01411606015285e-46,-0.77756319790487,1.36726354386258e-80
"ADRM1",0.591861879434391,2.04561405136335e-38,0.820391350624909,1.04115109807873e-96
"GCNT2",-0.706706630734515,1.41483318980795e-60,-0.779202322846629,3.86041009896773e-81
"ATP2B1",-0.620076613319242,5.15331120260198e-43,-0.770064921386394,3.88828613138199e-78
"CBX4",0.663487966131765,4.43455410171856e-51,0.765398274948266,1.17590555675993e-76
"IPO5",0.65261207104836,6.19717874364337e-49,0.831173621844654,1.85805924859949e-101
"GTF2F2",0.557522417669281,2.1425555594591e-33,0.753774545728615,4.10070293322048e-73
"UCHL3",0.54151379393968,3.00786703304215e-31,0.756039350085081,8.67547835748119e-74
"SHROOM4",0.612899635473072,8.43233381654812e-42,0.832859595696657,3.13433635134414e-102
"SNX24",-0.654979554948986,2.15151675469757e-49,-0.808541549565837,7.61084874303382e-92
"CASD1",-0.647025795348837,7.24668869441691e-48,-0.762487001276209,9.47757864377998e-76
"ABHD5",-0.612054945017921,1.16619287649567e-41,-0.75451196233247,2.47758894501558e-73
"FITM2",0.484702844901902,1.73016795896222e-24,0.732454870164928,4.18694840134588e-67
"CTNNBL1",0.604904454086166,1.74602305540396e-40,0.826384053035294,2.6234326229543e-99
"EBPL",0.583098041460426,4.45557441428193e-37,0.756488538634811,6.36245416383443e-74
"TTPAL",0.582719225613987,5.07961242226833e-37,0.831000604189179,2.22788465690117e-101
"ADCY3",0.590551541193605,3.2620394876562e-38,0.745339379954967,1.15350883591015e-70
"CETN2",0.555151234085981,4.53256839093383e-33,0.701045510878859,3.10342755345769e-59
"POLR1D",0.6194213894714,6.67128573042806e-43,0.802310895050525,2.01651749639739e-89
"GRINA",0.588956771514043,5.73987366582184e-38,0.744883142317513,1.55499893632453e-70
"MOCS3",0.530450333123171,7.87682267850496e-30,0.751261217251482,2.2537317773188e-72
"GNPDA1",0.647346290043233,6.30195258988067e-48,0.79267075241539,7.72323080167912e-86
"PDX1",0.686824932997358,5.31133260373892e-56,0.805239585554893,1.50153522499672e-90
"EMD",0.599696356615782,1.20096749467685e-39,0.769040341863905,8.27602590033258e-78
"GPALPP1",0.548123303493145,4.03347703764552e-32,0.745344955080484,1.14930208237679e-70
"USP27X",0.546186461981716,7.3010699102637e-32,0.712855918654024,4.54044721283036e-62
"TGDS",0.603918360415311,2.52232678341515e-40,0.715293527461191,1.13259035296949e-62
"SMCHD1",-0.593382282328847,1.18714679839841e-38,-0.786262077307299,1.46588243714754e-83
"TM9SF4",0.527171095375798,2.0264186311824e-29,0.764580496638478,2.11975465824037e-76
"YTHDF1",0.613809719616686,5.93945573402796e-42,0.841366481318953,2.88436629587767e-106
"CAMK2D",-0.631457176552884,5.26671496705805e-45,-0.795670695951463,6.21497994749967e-87
"PSMA7",0.625490996942628,5.9611923858532e-44,0.854738749527018,4.05723820726073e-113
"ZSWIM6",-0.657275819060256,7.64095294435318e-50,-0.782120718169355,3.95367273843814e-82
"TARP",-0.51829937473601,2.48218587163485e-28,-0.700615145371968,3.91293453711024e-59
"ACTR5",0.617543098994454,1.39368215473437e-42,0.829566241203526,9.95430616337696e-101
"CDK5RAP1",0.633958567438054,1.8742859543795e-45,0.869717881568835,1.16216849461725e-121
"ATP6V1F",0.676944160380217,7.32040190252165e-54,0.795444452572946,7.52678760328073e-87
"EIF6",0.451140951395758,4.74042627302701e-21,0.700289835952125,4.66092001562419e-59
"HEXIM1",-0.556233516731061,3.22210343909878e-33,-0.703697745033316,7.37028894145622e-60
"PIGU",0.466459923094926,1.42456095671241e-22,0.732738109404385,3.51457692018189e-67
"ATOSA",-0.643356190351306,3.54462287162721e-47,-0.794549992835868,1.60102947443305e-86
"EEPD1",0.576094704402072,4.89111152021111e-36,0.732344502684601,4.48224055700918e-67
"PATZ1",0.594903450202599,6.86762991568496e-39,0.736197529505371,4.0682930294375e-68
"E2F1",0.560784089785779,7.56876905998099e-34,0.747397431263138,2.9747502186679e-71
"TRAF5",0.582409570631667,5.65338967368711e-37,0.713997864155034,2.3734841765989e-62
"TCF7",0.585623783472464,1.85111271361148e-37,0.808322299728971,9.29410360647537e-92
"CHLSN",0.577615947549626,2.9209280862578e-36,0.773405813435952,3.22162212372009e-79
"CELSR1",0.640859170440254,1.03116662881693e-46,0.722176149544634,2.0732872903793e-64
"UGGT2",0.569462485288595,4.48707711515219e-35,0.736648910678867,3.06290656553391e-68
"CTPS2",0.559636589170165,1.09290354639238e-33,0.753664614382151,4.41991705937466e-73
"SLC7A6",0.592293177635927,1.75353122726768e-38,0.7682061768688,1.52638494795244e-77
"DDX56",0.644978944876421,1.76141063837167e-47,0.809168960228353,4.29038341501155e-92
"RNF152",-0.705303083380782,3.06329918398033e-60,-0.799374315710997,2.61110825196692e-88
"DARS1",0.66253357941838,6.8977893021679e-51,0.840047229157213,1.26301562760693e-105
"SND1",0.636151606051752,7.51683357737572e-46,0.79026785115454,5.64131379089567e-85
"CGRRF1",-0.591075653033384,2.70730803674167e-38,-0.771340989751794,1.50930801197813e-78
"BRAT1",0.602339677095462,4.53313503039527e-40,0.774997759256546,9.68506438433851e-80
"KIAA1549",0.704101703621304,5.91261349519713e-60,0.828875931938938,2.03576678850974e-100
"NAT9",0.600465168968838,9.05458805427616e-40,0.764370350349086,2.46535793507158e-76
"JADE3",0.652395773436701,6.82283469333507e-49,0.841815465745672,1.73954070557058e-106
"USPL1",0.556740211532818,2.7451592175542e-33,0.714141172934413,2.18743455967544e-62
"OSER1",0.460230790671182,6.05198400653462e-22,0.711011237111951,1.28608702311095e-61
"HEATR5A",-0.545418770240015,9.22717962547163e-32,-0.719531054804347,9.78454749924157e-64
"ACBD6",0.661554301873582,1.08353150658275e-50,0.786281281249738,1.44341009602056e-83
"AARS1",0.617821920442438,1.24969757842185e-42,0.742784356424034,6.09357512123885e-70
"DUS4L",0.588283149527015,7.28040033892612e-38,0.779173508093201,3.94756289370134e-81
"TGIF2-RAB5IF",0.477832927096297,9.39671476362769e-24,0.710123904896111,2.11596733151438e-61
"EIF3B",0.628350284063075,1.87570822903854e-44,0.838764286402263,5.24261648929987e-105
"PCID2",0.621525894066562,2.90495302550905e-43,0.817292007624534,2.10738670923833e-95
"RNF114",0.575261186880433,6.48013486142129e-36,0.802518662927468,1.6795799097769e-89
"DIS3",0.588288831259396,7.26583237715348e-38,0.74457080816738,1.90707497796262e-70
"RCAN1",-0.606164913589188,1.08902223689824e-40,-0.728042821953009,6.21907462028822e-66
"DPM1",0.52791678700203,1.6360733975117e-29,0.767773768661029,2.0942572799776e-77
"RAB5IF",0.477629502319772,9.8738118147619e-24,0.710492899792525,1.72062418328913e-61
"SUSD6",-0.567714108795021,7.98171793744757e-35,-0.744719078074401,1.73103645595069e-70
"MAPRE1",0.535990625330061,1.5586657655027e-30,0.747963361071023,2.04456916462959e-71
"HADHB",-0.651142597579577,1.18933212525576e-48,-0.751372895333085,2.09029378534427e-72
"YAP1",0.55081678073137,1.75589050177852e-32,0.718237270032566,2.07649400804808e-63
"NDRG3",0.529433923626824,1.05688561342646e-29,0.731193519451393,9.10503676539406e-67
"HM13",0.588982416158905,5.68809363957532e-38,0.79576946661629,5.71606857101174e-87
"KAT2A",0.622870782956863,1.70197985531999e-43,0.795191561185966,9.32076537140106e-87
"NPTN",-0.541876717305563,2.69678290798634e-31,-0.706213688059914,1.85676806532406e-60
"TMEM9",0.6069918763888,7.9805590194208e-41,0.704086819408279,5.96085705002659e-60
"MPPE1",-0.62121299927707,3.28848831032493e-43,-0.771468015374143,1.37315901139714e-78
"EIF2S2",0.618127843937961,1.10863370859763e-42,0.847650376969704,2.10092006720172e-109
"ADNP",0.651002929318481,1.26511469042738e-48,0.852745942812341,4.70010316263156e-112
"PPP1R35",0.605624569097732,1.33363085167809e-40,0.781198748675617,8.15246207255117e-82
"PFDN4",0.57550739403901,5.96391610835094e-36,0.774179067798214,1.79916753892578e-79
"LRP11",0.566196696976159,1.31214126940249e-34,0.710121285363587,2.11907396563945e-61
"GNL3L",0.598763173040279,1.69033966181813e-39,0.782725784207001,2.45417642909978e-82
"CNPY3",0.635893105527531,8.37479203630103e-46,0.731196178571013,9.09017952189985e-67
"LINC03040",0.577165725653442,3.40332640787404e-36,0.712358170585843,6.01810000773688e-62
"TAF4",0.498122758462904,5.67223566996069e-26,0.744842086283151,1.59730858584502e-70
"FBXO41",0.585883294540048,1.69063064956011e-37,0.741803255452709,1.14858339391152e-69
"MED11",-0.552475157264377,1.04829310735322e-32,-0.736810034129812,2.76736940762917e-68
"SLC39A10",0.626111453613204,4.64309643016827e-44,0.718509165029543,1.77340056455004e-63
"ASXL1",0.608120182583469,5.21428646821662e-41,0.861334092588865,9.34133597964377e-117
"KAT2B",-0.601215829253867,6.86722880071876e-40,-0.774496374518423,1.41566259950536e-79
"DLGAP4",0.624905412159293,7.54283983632196e-44,0.806054530473359,7.23130705875767e-91
"KLB",-0.629337690926895,1.25467378191565e-44,-0.700602045468549,3.94061289173067e-59
"MORC2",0.634208180101306,1.68979186426897e-45,0.756700150482818,5.49643149359483e-74
"MIDEAS",-0.64101189473525,9.66245991067903e-47,-0.764098797421798,2.995988616805e-76
"METTL26",0.678735899136093,3.03971902728555e-54,0.840442288541982,8.12760358515834e-106
"PLOD3",0.548850346515931,3.22484530709459e-32,0.726317031515363,1.76132797481721e-65
"TPD52L2",0.569204764327787,4.88571842851385e-35,0.77324899877985,3.62460563103558e-79
"STX12",-0.662202203920736,8.03824551199712e-51,-0.814733979116221,2.41690424266922e-94
"RP9",0.623893370137977,1.13150020940133e-43,0.772663313260548,5.62434642300187e-79
"POLR3E",0.59766860996914,2.52039413785171e-39,0.795500735396056,7.17677274834229e-87
"STX16",0.473635528596829,2.5934736988315e-23,0.717895487430421,2.53135493592334e-63
"FAM114A1",-0.530263173984857,8.31560078199198e-30,-0.73728458937348,2.0515850408871e-68
"RP9P",0.629583710808194,1.13480501984248e-44,0.778134240899242,8.81144715358096e-81
"FRMD4B",-0.571318329176443,2.42558683781183e-35,-0.749910213025181,5.58531948630993e-72
"ANKRD12",-0.579605713648098,1.48219784737408e-36,-0.778698384711344,5.70148868228031e-81
"POMP",0.553820472810063,6.88389627617049e-33,0.714927201582851,1.39669145448032e-62
"RNASEH2B",0.585037873446157,2.27102584276865e-37,0.748723073999839,1.23397380310826e-71
"PPP2CB",-0.601291904143248,6.67718910789619e-40,-0.725226041038621,3.38743040151008e-65
"MIER1",-0.699954722661474,5.57985265432324e-59,-0.838511769579385,6.92747825969263e-105
"SLC6A6",0.708293409850864,5.87516729181783e-61,0.851881523017202,1.34495421395218e-111
"NPEPL1",0.48747688578106,8.64188772296514e-25,0.711245473595702,1.12733076019135e-61
"RTKN",0.552415205358338,1.06807784229233e-32,0.780214249369902,1.75876696987498e-81
"CSNK2A2",0.647799772179557,5.17027266546485e-48,0.821351037631425,4.05441456446242e-97
